{
  "generated_utc": "2026-07-21T00:54:28.745287+00:00",
  "constants": {
    "golden_angle_deg": 137.50776405003788,
    "golden_angle_rad": 2.3999632297286535,
    "nine_over_pi_rad": 2.864788975654116,
    "nine_over_pi_deg": 164.1403175005872,
    "W_g": 111.40846016432674,
    "W_G_LOCK": 111.408,
    "R_residual": 0.13748568659118732,
    "cusp_at": "\u03b8=\u03c0, r=0 for r=1+cos(\u03b8)"
  },
  "systems": {
    "golden_cardioid": {
      "step_name": "golden+cardioid",
      "step_rad": 2.3999632297286535,
      "step_deg": 137.50776405003788,
      "n": 512,
      "modulated": true,
      "cusp_half_width_rad": 0.25,
      "points_near_cusp": 40,
      "cusp_fraction": 0.078125,
      "expected_uniform_fraction": 0.07957747154594767,
      "cusp_density_ratio": 0.9817477042468103,
      "cusp_density_ratio_formula": "\u03c1 = f_cusp / (w/\u03c0),  f_cusp = (#|\u03b8\u2212\u03c0|\u2264w)/N",
      "mean_r_cusp": 0.010045872182017097,
      "mean_r_bulk": 1.0857543071867375,
      "radial_collapse": 108.07964578946601,
      "radial_collapse_formula": "mean(r|bulk) / mean(r|cusp)",
      "cusp_vortex_labels": {
        "counts": {
          "1": 4,
          "2": 3,
          "3": 4,
          "4": 6,
          "5": 7,
          "6": 5,
          "7": 4,
          "8": 3,
          "9": 4
        },
        "fraction_369": 0.325,
        "dominant_digit": "5",
        "n": 40
      },
      "all_vortex_labels": {
        "counts": {
          "1": 57,
          "2": 57,
          "3": 57,
          "4": 57,
          "5": 57,
          "6": 57,
          "7": 57,
          "8": 57,
          "9": 56
        },
        "fraction_369": 0.33203125,
        "dominant_digit": "1",
        "n": 512
      },
      "dominant_vortex_digits_cusp": "5",
      "phi_e_pi_alignment": {
        "formula": "align_support = mean_\u03b1 [ (\u03a3 w_k r_k)/(\u03a3 w_k)/2 ], w_k=exp(\u2212\u00bd(d_k/\u03c3)\u00b2), \u03c3=0.2",
        "triangle_angle_supports": {
          "phi_angle_rad": 0.9201625876604274,
          "e_angle_rad": 0.7458951092639242,
          "pi_angle_rad": 0.5071728992927881
        },
        "mean_alignment_support": 0.7244101987390464,
        "cusp_mean_radius": 0.010045872182017097,
        "global_mean_abs_r_minus_1": 0.6364001963727051,
        "residual_R": 0.13748568659118732,
        "delta_support_vs_R": 0.5869245121478591,
        "residual_proxy_abs": 0.5869245121478591,
        "note": "Alignment support is a geometric diagnostic on the modulated point cloud; it does not prove R emerges from the cardioid."
      },
      "packing": {
        "mean_gap_rad": 0.01227184630308513,
        "std_gap_rad": 0.004022824507779627,
        "min_gap_rad": 0.00745337384182676,
        "max_gap_rad": 0.019513186048889963,
        "gap_cv": 0.3278092316427141
      },
      "mean_radius": 1.0017145857019938,
      "std_radius": 0.706938829347935,
      "min_radius": 2.6524081288004098e-06
    },
    "golden_unit": {
      "step_name": "golden (unit r)",
      "step_rad": 2.3999632297286535,
      "step_deg": 137.50776405003788,
      "n": 512,
      "modulated": false,
      "cusp_half_width_rad": 0.25,
      "points_near_cusp": 40,
      "cusp_fraction": 0.078125,
      "expected_uniform_fraction": 0.07957747154594767,
      "cusp_density_ratio": 0.9817477042468103,
      "cusp_density_ratio_formula": "\u03c1 = f_cusp / (w/\u03c0),  f_cusp = (#|\u03b8\u2212\u03c0|\u2264w)/N",
      "mean_r_cusp": 1.0,
      "mean_r_bulk": 1.0,
      "radial_collapse": 0.9999999999989999,
      "radial_collapse_formula": "mean(r|bulk) / mean(r|cusp)",
      "cusp_vortex_labels": {
        "counts": {
          "1": 4,
          "2": 3,
          "3": 4,
          "4": 6,
          "5": 7,
          "6": 5,
          "7": 4,
          "8": 3,
          "9": 4
        },
        "fraction_369": 0.325,
        "dominant_digit": "5",
        "n": 40
      },
      "all_vortex_labels": {
        "counts": {
          "1": 57,
          "2": 57,
          "3": 57,
          "4": 57,
          "5": 57,
          "6": 57,
          "7": 57,
          "8": 57,
          "9": 56
        },
        "fraction_369": 0.33203125,
        "dominant_digit": "1",
        "n": 512
      },
      "dominant_vortex_digits_cusp": "5",
      "phi_e_pi_alignment": {
        "formula": "align_support = mean_\u03b1 [ (\u03a3 w_k r_k)/(\u03a3 w_k)/2 ], w_k=exp(\u2212\u00bd(d_k/\u03c3)\u00b2), \u03c3=0.2",
        "triangle_angle_supports": {
          "phi_angle_rad": 0.5,
          "e_angle_rad": 0.5,
          "pi_angle_rad": 0.5
        },
        "mean_alignment_support": 0.5,
        "cusp_mean_radius": 1.0,
        "global_mean_abs_r_minus_1": 0.0,
        "residual_R": 0.13748568659118732,
        "delta_support_vs_R": 0.3625143134088127,
        "residual_proxy_abs": 0.3625143134088127,
        "note": "Alignment support is a geometric diagnostic on the modulated point cloud; it does not prove R emerges from the cardioid."
      },
      "packing": {
        "mean_gap_rad": 0.01227184630308513,
        "std_gap_rad": 0.004022824507779627,
        "min_gap_rad": 0.00745337384182676,
        "max_gap_rad": 0.019513186048889963,
        "gap_cv": 0.3278092316427141
      },
      "mean_radius": 1.0,
      "std_radius": 0.0,
      "min_radius": 1.0
    },
    "nine_over_pi_cardioid": {
      "step_name": "9/\u03c0+cardioid",
      "step_rad": 2.864788975654116,
      "step_deg": 164.1403175005872,
      "n": 512,
      "modulated": true,
      "cusp_half_width_rad": 0.25,
      "points_near_cusp": 42,
      "cusp_fraction": 0.08203125,
      "expected_uniform_fraction": 0.07957747154594767,
      "cusp_density_ratio": 1.030835089459151,
      "cusp_density_ratio_formula": "\u03c1 = f_cusp / (w/\u03c0),  f_cusp = (#|\u03b8\u2212\u03c0|\u2264w)/N",
      "mean_r_cusp": 0.010680593520360009,
      "mean_r_bulk": 1.0905208294523965,
      "radial_collapse": 102.10301770884503,
      "radial_collapse_formula": "mean(r|bulk) / mean(r|cusp)",
      "cusp_vortex_labels": {
        "counts": {
          "1": 4,
          "2": 4,
          "3": 6,
          "4": 4,
          "5": 4,
          "6": 4,
          "7": 6,
          "8": 6,
          "9": 4
        },
        "fraction_369": 0.3333333333333333,
        "dominant_digit": "3",
        "n": 42
      },
      "all_vortex_labels": {
        "counts": {
          "1": 57,
          "2": 57,
          "3": 57,
          "4": 57,
          "5": 57,
          "6": 57,
          "7": 57,
          "8": 57,
          "9": 56
        },
        "fraction_369": 0.33203125,
        "dominant_digit": "1",
        "n": 512
      },
      "dominant_vortex_digits_cusp": "3",
      "phi_e_pi_alignment": {
        "formula": "align_support = mean_\u03b1 [ (\u03a3 w_k r_k)/(\u03a3 w_k)/2 ], w_k=exp(\u2212\u00bd(d_k/\u03c3)\u00b2), \u03c3=0.2",
        "triangle_angle_supports": {
          "phi_angle_rad": 0.9201366906325266,
          "e_angle_rad": 0.7461365294819463,
          "pi_angle_rad": 0.5082569996283037
        },
        "mean_alignment_support": 0.7248434065809256,
        "cusp_mean_radius": 0.010680593520360009,
        "global_mean_abs_r_minus_1": 0.6374645084311458,
        "residual_R": 0.13748568659118732,
        "delta_support_vs_R": 0.5873577199897383,
        "residual_proxy_abs": 0.5873577199897383,
        "note": "Alignment support is a geometric diagnostic on the modulated point cloud; it does not prove R emerges from the cardioid."
      },
      "packing": {
        "mean_gap_rad": 0.01227184630308513,
        "std_gap_rad": 0.0035070719492388282,
        "min_gap_rad": 0.00516363920554852,
        "max_gap_rad": 0.016034730559283616,
        "gap_cv": 0.28578193226485993
      },
      "mean_radius": 1.0019401850985963,
      "std_radius": 0.7079718845266612,
      "min_radius": 3.332894379481921e-06
    },
    "control_2pi_17_cardioid": {
      "step_name": "2\u03c0/17+cardioid",