{
  "generated_utc": "2026-07-21T00:29:23.116579+00:00",
  "step": "golden",
  "step_rad": 2.3999632297286535,
  "n": 512,
  "kappa": 0.85,
  "theta_crit": 5.811946409141117,
  "cardioid_amp": 0.5,
  "W_g": 111.40846016432674,
  "R_residual": 0.13748568659118732,
  "golden_fraction": 0.13750776405003787,
  "raw": {
    "theta_crit": 5.811946409141117,
    "kappa": 0.85,
    "cardioid_amp": 0.0,
    "n_burst": 38,
    "burst_fraction": 0.07421875,
    "mean_amp": 1.0,
    "std_amp": 0.0,
    "mean_signal": -0.00042024799729869643,
    "std_signal": 0.7078493200212809
  },
  "modulated": {
    "theta_crit": 5.811946409141117,
    "kappa": 0.85,
    "cardioid_amp": 0.5,
    "n_burst": 102,
    "burst_fraction": 0.19921875,
    "mean_amp": 1.000857292850997,
    "std_amp": 0.35346941467396753,
    "mean_signal": -0.0015706878325543656,
    "std_signal": 0.7318282082802767
  },
  "gradient_raw": {
    "mean_amp_cusp": 1.0,
    "mean_amp_bulk": 1.0,
    "radial_collapse_ratio_bulk_over_cusp": 0.9999999999989999,
    "mean_curvature_cusp": 0.9999999999984999,
    "mean_curvature_bulk": 0.9999999999985003,
    "curvature_ratio_cusp_over_bulk": 0.9999999999999996,
    "mean_grad_cusp": 0.0,
    "mean_grad_bulk": 0.0,
    "grad_ratio_cusp_over_bulk": NaN,
    "cusp_is_high_sensitivity": false,
    "cusp_is_high_gradient": false,
    "phi_e_pi_signal_support": 0.7762670605657722,
    "delta_support_vs_R": 0.6387813739745849,
    "points_near_cusp": 40,
    "mean_abs_signal_cusp": 0.12999591597615395,
    "mean_abs_signal_bulk": 0.6806483224232953,
    "note": "Cardioid cusp: r'\u21920 but curvature \u2192 \u221e as r\u21920. Prefer radial_collapse_ratio and curvature_ratio over first-derivative grad_ratio."
  },
  "gradient_modulated": {
    "mean_amp_cusp": 0.5050229360910086,
    "mean_amp_bulk": 1.0428771535933687,
    "radial_collapse_ratio_bulk_over_cusp": 2.0650094858332735,
    "mean_curvature_cusp": 0.4444664597442044,
    "mean_curvature_bulk": 0.9605725654972547,
    "curvature_ratio_cusp_over_bulk": 0.46270992500615477,
    "mean_grad_cusp": 0.06119374006099393,
    "mean_grad_bulk": 0.3400800808653526,
    "grad_ratio_cusp_over_bulk": 0.17993920698114124,
    "cusp_is_high_sensitivity": true,
    "cusp_is_high_gradient": true,
    "phi_e_pi_signal_support": 0.9130594293362941,
    "delta_support_vs_R": 0.7755737427451068,
    "points_near_cusp": 40,
    "mean_abs_signal_cusp": 0.06598223637292973,
    "mean_abs_signal_bulk": 0.687295368828958,
    "note": "Cardioid cusp: r'\u21920 but curvature \u2192 \u221e as r\u21920. Prefer radial_collapse_ratio and curvature_ratio over first-derivative grad_ratio."
  },
  "fft": {
    "global": {
      "unmodulated": {
        "top_modes": [
          {
            "freq": 0.3828125,
            "power_frac": 0.5169788886357858
          },
          {
            "freq": 0.380859375,
            "power_frac": 0.3008537020498143
          },
          {
            "freq": 0.384765625,
            "power_frac": 0.04607911362442078
          },
          {
            "freq": 0.37890625,
            "power_frac": 0.039596323990953274
          },
          {
            "freq": 0.38671875,
            "power_frac": 0.01713649086377904
          }
        ],
        "mean_freq": 0.3817560183214825,
        "total_power": 65677.23351949362
      },
      "cardioid": {
        "top_modes": [
          {
            "freq": 0.3828125,
            "power_frac": 0.4855812725048833
          },
          {
            "freq": 0.380859375,
            "power_frac": 0.28141305542332745
          },
          {
            "freq": 0.236328125,
            "power_frac": 0.05806689915753171
          },
          {
            "freq": 0.384765625,
            "power_frac": 0.0438569102009743
          },
          {
            "freq": 0.37890625,
            "power_frac": 0.0367062067365791
          }
        ],
        "mean_freq": 0.3728144428668088,
        "total_power": 70202.42854439144
      }
    },
    "cusp_window": {
      "unmodulated": {
        "mean_freq": 0.1942288394155854,
        "total_power": 40.8688103703822
      },
      "cardioid": {
        "mean_freq": 0.1914281349237484,
        "total_power": 11.106176402478104
      }
    },
    "power_ratio_mod_over_raw": 1.0689005121318744,
    "cusp_power_ratio_mod_over_raw": 0.2717518885875505
  },
  "kappa_sweep": [
    {
      "kappa": 0.75,
      "theta_crit": 5.497787143782138,
      "burst_frac_raw": 0.125,
      "burst_frac_mod": 0.2109375,
      "burst_delta": 0.0859375,
      "grad_ratio_mod": 0.18589578367280052,
      "curvature_ratio_mod": 0.4423195904142578,
      "radial_collapse_mod": 2.067296390253422,
      "alignment_mod": 0.9077740336895538,
      "alignment_raw": 0.7728567253697017
    },
    {
      "kappa": 0.76,
      "theta_crit": 5.529203070318036,
      "burst_frac_raw": 0.1171875,
      "burst_frac_mod": 0.2109375,
      "burst_delta": 0.09375,
      "grad_ratio_mod": 0.18589578367280052,
      "curvature_ratio_mod": 0.4423195904142578,
      "radial_collapse_mod": 2.067296390253422,
      "alignment_mod": 0.9077740336895538,
      "alignment_raw": 0.7728567253697017
    },
    {
      "kappa": 0.77,
      "theta_crit": 5.5606189968539335,
      "burst_frac_raw": 0.11328125,
      "burst_frac_mod": 0.20703125,
      "burst_delta": 0.09375,
      "grad_ratio_mod": 0.18589578367280052,
      "curvature_ratio_mod": 0.4423195904142578,
      "radial_collapse_mod": 2.067296390253422,
      "alignment_mod": 0.9077740336895538,
      "alignment_raw": 0.7728567253697017
    },
    {
      "kappa": 0.78,
      "theta_crit": 5.592034923389832,
      "burst_frac_raw": 0.109375,
      "burst_frac_mod": 0.20703125,
      "burst_delta": 0.09765625,
      "grad_ratio_mod": 0.18589578367280052,
      "curvature_ratio_mod": 0.4423195904142578,
      "radial_collapse_mod": 2.067296390253422,
      "alignment_mod": 0.9077740336895538,
      "alignment_raw": 0.7728567253697017
    },
    {
      "kappa": 0.79,
      "theta_crit": 5.62345084992573,
      "burst_frac_raw": 0.10546875,
      "burst_frac_mod": 0.20703125,
      "burst_delta": 0.1015625,
      "grad_ratio_mod": 0.18589578367280052,
      "curvature_ratio_mod": 0.4423195904142578,
      "radial_collapse_mod": 2.067296390253422,
      "alignment_mod": 0.9077740336895538,
      "alignment_raw": 0.7728567253697017
    },
    {
      "kappa": 0.8,
      "theta_crit": 5.654866776461628,
      "burst_frac_raw": 0.09765625,
      "burst_frac_mod": 0.20703125,
      "burst_delta": 0.109375,
      "grad_ratio_mod": 0.18589578367280052,
      "curvature_ratio_mod": 0.4423195904142578,
      "radial_collapse_mod": 2.067296390253422,
      "alignment_mod": 0.9077740336895538,
      "alignment_raw": 0.7728567253697017
    },
    {
      "kappa": 0.8099999999999999,
      "theta_crit": 5.686282702997525,
      "burst_frac_raw": 0.09375,
      "burst_frac_mod": 0.203125,
      "burst_delta": 0.109375,
      "grad_ratio_mod": 0.18589578367280052,
      "curvature_ratio_mod": 0.4423195904142578,
      "radial_collapse_mod": 2.067296390253422,
      "alignment_mod": 0.9077740336895538,
      "alignment_raw": 0.7728567253697017
    },
    {
      "kappa": 0.82,
      "theta_crit": 5.717698629533423,
      "burst_frac_raw": 0.0859375,
      "burst_frac_mod": 0.203125,
      "burst_delta": 0.1171875,
      "grad_ratio_mod": 0.18589578367280052,
      "curvature_ratio_mod": 0.4423195904142578,
      "radial_collapse_mod": 2.067296390253422,
      "alignment_mod": 0.9077740336895538,
      "alignment_raw": 0.7728567253697017
    },
    {
      "kappa": 0.83,
      "theta_crit": 5.749114556069322,
      "burst_frac_raw": 0.08203125,
      "burst_frac_mod": 0.19921875,
      "burst_delta": 0.1171875,
      "grad_ratio_mod": 0.18589578367280052,
      "curvature_ratio_mod": 0.4423195904142578,
      "radial_collapse_mod": 2.067296390253422,
      "alignment_mod": 0.9077740336895538,